rounds,representation,model,accuracy,roc_auc,true_negative,false_positive,false_negative,true_positive,true_positive_rate,true_negative_rate,balanced_accuracy,loss
3,delta,siamese,0.95,0.9860234002600028,1441,54,96,1409,0.9362126245847175,0.9638795986622074,0.9500461116234624,0.1399780497550964
4,delta,siamese,0.7903333333333333,0.8539101518210841,1332,175,454,1039,0.695914266577361,0.8838752488387525,0.7898947577080567,0.4508298637072245
5,delta,siamese,0.603,0.6409517362822568,899,594,597,910,0.6038487060384871,0.6021433355659745,0.6029960208022308,0.6641247270901998
6,delta,cnn,0.5226666666666666,0.5354422547632086,625,859,573,943,0.6220316622691293,0.4211590296495957,0.5215953459593625,0.6910299490292867
7,concat,siamese,0.5056666666666667,0.5177001615046382,447,1076,407,1070,0.7244414353419093,0.2934996717005909,0.5089705535212501,0.7012031362851461
8,concat,cnn,0.497,0.5072062350333066,618,880,629,873,0.581225033288948,0.4125500667556742,0.4968875500223111,0.6949357255299886
